slug,title,source_url,supported_in,categories,declared_arguments,evidence_type,extraction_method,issue_url,issue_commented,notes
aggregateOnConditionV1,Aggregate on condition,https://www.palantir.com/docs/foundry/pb-functions-transform/aggregateOnConditionV1/,"[""Batch"",""Faster""]","[""Aggregate"",""Popular""]","[{""name"":""Condition for columns to aggregate on"",""type"":null,""description"":""allColumns()""},{""name"":""Dataset"",""type"":null,""description"":""ri.foundry.main.dataset.a""},{""name"":""Expressions to aggregate"",""type"":null,""description"":""[dynamicAlias( expression: rowCount( expression: column,), transformer: columnNameConcat( inputs: [column, _non_null],),)]""},{""name"":""Group by columns"",""type"":null,""description"":null},{""name"":""Input"",""type"":null,""description"":""idvaluedistance110020002null1003500300""}]",事实,rendered,https://gitlabee.chehejia.com/huyongqiang/pipeline-transform-research/-/issues/104,true,
aggregateOverWindowV2,Aggregate over window,https://www.palantir.com/docs/foundry/pb-functions-transform/aggregateOverWindowV2/,"[""Streaming""]","[""Aggregate""]","[{""name"":""Aggregate expressions"",""type"":""List<Expression<AnyType>>"",""description"":""List of aggregate expressions to evaluate over each window""},{""name"":""Dataset"",""type"":""Table"",""description"":""Dataset to perform aggregations on""},{""name"":""Window"",""type"":""Window"",""description"":""Window defining how elements should be grouped""},{""name"":""Accumulation mode"",""type"":""Enum<Accumulating, Discarding>"",""description"":""The accumulation mode for the window. Determines whether the window accumulates panes when the trigger fires or discards them""},{""name"":""Key by columns"",""type"":""Set<Column<Binary | Boolean | Byte | Double | Float | Integer | Long | Short | String | Timestamp>>"",""description"":""Columns on which to partition the input by key. Each aggregation will be computed separately for each distinct key value""},{""name"":""Trigger"",""type"":""Trigger"",""description"":""Trigger defining when aggregation should be performed""}]",事实,cached+heading,https://gitlabee.chehejia.com/huyongqiang/pipeline-transform-research/-/issues/105,true,
aggregateV1,Aggregate,https://www.palantir.com/docs/foundry/pb-functions-transform/aggregateV1/,"[""Batch"",""Faster""]","[""Aggregate"",""Popular""]","[{""name"":""Aggregations"",""type"":null,""description"":""[alias( alias: factor, expression: sum( expression: factor,),)]""},{""name"":""Dataset"",""type"":null,""description"":""ri.foundry.main.dataset.aggregate""},{""name"":""Group by columns"",""type"":null,""description"":""[tail_number]""},{""name"":""Input"",""type"":null,""description"":""tail_numberairlinemilesfactorXB-123foundry air1242MT-222new airline11235XB-123foundry airline3355MT-222new air5654KK-452new air2221XB-123foundry airline11343""}]",事实,rendered,https://gitlabee.chehejia.com/huyongqiang/pipeline-transform-research/-/issues/106,true,
applyExpressionV1,Apply expression,https://www.palantir.com/docs/foundry/pb-functions-transform/applyExpressionV1/,"[""Batch"",""Faster"",""Streaming""]","[""Popular""]","[{""name"":""Dataset"",""type"":null,""description"":""ri.foundry.main.dataset.a""},{""name"":""Expression"",""type"":null,""description"":""alias( alias: kilometers, expression: convertDistance( amount: miles, currentUnit: mile, targetUnit: kilometer,),)""},{""name"":""Input"",""type"":null,""description"":""airlinemilesfoundry airways2500new air3000""}]",事实,rendered,https://gitlabee.chehejia.com/huyongqiang/pipeline-transform-research/-/issues/107,true,
arrayToColumnsV1,Array elements to columns,https://www.palantir.com/docs/foundry/pb-functions-transform/arrayToColumnsV1/,"[""Batch"",""Faster""]","[""Array""]","[{""name"":""Array"",""type"":null,""description"":""stats""},{""name"":""Columns to extract"",""type"":null,""description"":""[miles, id]""},{""name"":""Dataset"",""type"":null,""description"":""ri.foundry.main.dataset.a""},{""name"":""Input"",""type"":null,""description"":""stats[ 1000, 2 ]""}]",事实,rendered,https://gitlabee.chehejia.com/huyongqiang/pipeline-transform-research/-/issues/108,true,
assignTimestampsAndWatermarksV1,Assign timestamps and watermarks,https://www.palantir.com/docs/foundry/pb-functions-transform/assignTimestampsAndWatermarksV1/,"[""Streaming""]","[""Other""]","[{""name"":""Dataset"",""type"":null,""description"":""ri.foundry.main.dataset.a""},{""name"":""Timestamp expression"",""type"":null,""description"":""timestamp""},{""name"":""Emit watermark on every record"",""type"":null,""description"":null},{""name"":""Idleness timeout unit"",""type"":null,""description"":null},{""name"":""Idleness timeout value"",""type"":null,""description"":null},{""name"":""Input"",""type"":null,""description"":null},{""name"":""timestamptemperaturesensor_id1969-12-31T23"",""type"":null,""description"":""59:50Z28sensor_11969-12-31T23:59:40Z30sensor_21969-12-31T23:59:35Z29sensor_1""}]",事实,rendered,https://gitlabee.chehejia.com/huyongqiang/pipeline-transform-research/-/issues/109,true,
coalesceV1,coalesceV1,https://www.palantir.com/docs/foundry/pb-functions-transform/coalesceV1/,[],[],"[{""name"":""Dataset"",""type"":""Table"",""description"":""Dataset to perform coalesce on""},{""name"":""Number of partitions"",""type"":""Literal<Integer>"",""description"":""Number of partitions to coalesce to""}]",事实,cached+heading,https://gitlabee.chehejia.com/huyongqiang/pipeline-transform-research/-/issues/110,true,
complexAntiJoinV1,Anti join,https://www.palantir.com/docs/foundry/pb-functions-transform/complexAntiJoinV1/,"[""Batch"",""Faster""]","[""Join""]","[{""name"":""Condition for columns to select on the left"",""type"":null,""description"":""columnNameIsIn( columnNames: [tail_number, airline],)""},{""name"":""Join condition"",""type"":null,""description"":""equals( left: tail_number, right: tail_number,)""},{""name"":""Left dataset"",""type"":null,""description"":""ri.foundry.main.dataset.left""},{""name"":""Right dataset"",""type"":null,""description"":""ri.foundry.main.dataset.right""},{""name"":""Inputs"",""type"":null,""description"":""ri.foundry.main.dataset.left tail_numberairlinemilesfactorXB-123foundry air1242MT-222new airline11235XB-123foundry airline3355MT-222new air5654KK-452new air2221PA-452new air2122XB-123foundry airline11342 ri.foundry.main.dataset.right tail_numberhome_airportXB-123LHRMT-222CPHKK-452JFKJR-201IAD""}]",事实,rendered,https://gitlabee.chehejia.com/huyongqiang/pipeline-transform-research/-/issues/111,true,
complexCrossJoinV1,Cross join,https://www.palantir.com/docs/foundry/pb-functions-transform/complexCrossJoinV1/,"[""Batch"",""Faster""]","[""Join""]","[{""name"":""Condition for columns to select on the left"",""type"":null,""description"":""columnNameIsIn( columnNames: [tail_number, airline],)""},{""name"":""Condition for columns to select on the right"",""type"":null,""description"":""columnNameIsIn( columnNames: [home_airport],)""},{""name"":""Left dataset"",""type"":null,""description"":""ri.foundry.main.dataset.left""},{""name"":""Right dataset"",""type"":null,""description"":""ri.foundry.main.dataset.right""},{""name"":""Prefix for columns from right"",""type"":null,""description"":null},{""name"":""Inputs"",""type"":null,""description"":""ri.foundry.main.dataset.left tail_numberairlinemilesfactorXB-123foundry air1242MT-222new airline11235PA-452new air2122 ri.foundry.main.dataset.right tail_numberhome_airportXB-123LHRMT-222CPHKK-452JFKJR-201IAD""}]",事实,rendered,https://gitlabee.chehejia.com/huyongqiang/pipeline-transform-research/-/issues/112,true,
complexInnerJoinV1,Inner join,https://www.palantir.com/docs/foundry/pb-functions-transform/complexInnerJoinV1/,"[""Batch"",""Faster""]","[""Join""]","[{""name"":""Condition for columns to select on the left"",""type"":null,""description"":""columnNameIsIn( columnNames: [tail_number, airline],)""},{""name"":""Condition for columns to select on the right"",""type"":null,""description"":""columnNameIsIn( columnNames: [home_airport],)""},{""name"":""Join condition"",""type"":null,""description"":""equals( left: tail_number, right: tail_number,)""},{""name"":""Left dataset"",""type"":null,""description"":""ri.foundry.main.dataset.left""},{""name"":""Right dataset"",""type"":null,""description"":""ri.foundry.main.dataset.right""},{""name"":""Prefix for columns from right"",""type"":null,""description"":null},{""name"":""Inputs"",""type"":null,""description"":""ri.foundry.main.dataset.left tail_numberairlinemilesfactorXB-123foundry air1242MT-222new airline11235XB-123foundry airline3355MT-222new air5654KK-452new air2221PA-452new air2122XB-123foundry airline11342 ri.foundry.main.dataset.right tail_numberhome_airportXB-123LHRMT-222CPHKK-452JFKJR-201IAD""}]",事实,rendered,https://gitlabee.chehejia.com/huyongqiang/pipeline-transform-research/-/issues/113,true,
complexKnnJoinV1,KNN join,https://www.palantir.com/docs/foundry/pb-functions-transform/complexKnnJoinV1/,"[""Batch""]","[""Join""]","[{""name"":""Condition for columns to select on the left"",""type"":null,""description"":""columnNameIsIn( columnNames: [tail_number, airline],)""},{""name"":""Condition for columns to select on the right"",""type"":null,""description"":""columnNameIsIn( columnNames: [fuzzy_airline, home_airport],)""},{""name"":""Distance measure expression"",""type"":null,""description"":""alias( alias: distance, expression: levenshteinDistance( ignoreCase: true, left: airline, right: fuzzy_airline,),)""},{""name"":""K nearest"",""type"":null,""description"":""2""},{""name"":""Left dataset"",""type"":null,""description"":""ri.foundry.main.dataset.left""},{""name"":""Rank column name"",""type"":null,""description"":""rank""},{""name"":""Right dataset"",""type"":null,""description"":""ri.foundry.main.dataset.right""},{""name"":""Prefix for columns from right"",""type"":null,""description"":null},{""name"":""Inputs"",""type"":null,""description"":""ri.foundry.main.dataset.left tail_numberairlinemilesfactorXB-123foundry air1242MT-222new airline11235PA-452new air2122 ri.foundry.main.dataset.right fuzzy_airlinehome_airportairLHRnew airlineCPHnew planeJFKold airIAD""}]",事实,rendered,https://gitlabee.chehejia.com/huyongqiang/pipeline-transform-research/-/issues/114,true,
complexLeftJoinV1,Left join,https://www.palantir.com/docs/foundry/pb-functions-transform/complexLeftJoinV1/,"[""Batch"",""Faster""]","[""Join""]","[{""name"":""Condition for columns to select on the left"",""type"":null,""description"":""columnNameIsIn( columnNames: [tail_number, airline],)""},{""name"":""Condition for columns to select on the right"",""type"":null,""description"":""columnNameIsIn( columnNames: [home_airport],)""},{""name"":""Join condition"",""type"":null,""description"":""equals( left: tail_number, right: tail_number,)""},{""name"":""Left dataset"",""type"":null,""description"":""ri.foundry.main.dataset.left""},{""name"":""Right dataset"",""type"":null,""description"":""ri.foundry.main.dataset.right""},{""name"":""Prefix for columns from right"",""type"":null,""description"":null},{""name"":""Inputs"",""type"":null,""description"":""ri.foundry.main.dataset.left tail_numberairlinemilesfactorXB-123foundry air1242MT-222new airline11235XB-123foundry airline3355MT-222new air5654KK-452new air2221PA-452new air2122XB-123foundry airline11342 ri.foundry.main.dataset.right tail_numberhome_airportXB-123LHRMT-222CPHKK-452JFKJR-201IAD""}]",事实,rendered,https://gitlabee.chehejia.com/huyongqiang/pipeline-transform-research/-/issues/115,true,
complexOuterJoinV1,Outer join,https://www.palantir.com/docs/foundry/pb-functions-transform/complexOuterJoinV1/,"[""Batch"",""Faster""]","[""Join""]","[{""name"":""Condition for columns to select on the left"",""type"":null,""description"":""columnNameIsIn( columnNames: [tail_number, airline],)""},{""name"":""Condition for columns to select on the right"",""type"":null,""description"":""columnNameIsIn( columnNames: [home_airport],)""},{""name"":""Join condition"",""type"":null,""description"":""equals( left: tail_number, right: tail_number,)""},{""name"":""Left dataset"",""type"":null,""description"":""ri.foundry.main.dataset.left""},{""name"":""Right dataset"",""type"":null,""description"":""ri.foundry.main.dataset.right""},{""name"":""Prefix for columns from right"",""type"":null,""description"":null},{""name"":""Inputs"",""type"":null,""description"":""ri.foundry.main.dataset.left tail_numberairlinemilesfactorXB-123foundry air1242MT-222new airline11235XB-123foundry airline3355MT-222new air5654KK-452new air2221PA-452new air2122XB-123foundry airline11342 ri.foundry.main.dataset.right tail_numberhome_airportXB-123LHRMT-222CPHKK-452JFKJR-201IAD""}]",事实,rendered,https://gitlabee.chehejia.com/huyongqiang/pipeline-transform-research/-/issues/116,true,
complexSemiJoinV1,Semi join,https://www.palantir.com/docs/foundry/pb-functions-transform/complexSemiJoinV1/,"[""Batch"",""Faster""]","[""Join""]","[{""name"":""Condition for columns to select on the left"",""type"":null,""description"":""columnNameIsIn( columnNames: [tail_number, airline],)""},{""name"":""Join condition"",""type"":null,""description"":""equals( left: tail_number, right: tail_number,)""},{""name"":""Left dataset"",""type"":null,""description"":""ri.foundry.main.dataset.left""},{""name"":""Right dataset"",""type"":null,""description"":""ri.foundry.main.dataset.right""},{""name"":""Inputs"",""type"":null,""description"":""ri.foundry.main.dataset.left tail_numberairlinemilesfactorXB-123foundry air1242MT-222new airline11235XB-123foundry airline3355MT-222new air5654KK-452new air2221PA-452new air2122XB-123foundry airline11342 ri.foundry.main.dataset.right tail_numberhome_airportXB-123LHRMT-222CPHKK-452JFKJR-201IAD""}]",事实,rendered,https://gitlabee.chehejia.com/huyongqiang/pipeline-transform-research/-/issues/117,true,
computeExpressionIfAbsentV1,Compute if expression absent,https://www.palantir.com/docs/foundry/pb-functions-transform/computeExpressionIfAbsentV1/,"[""Batch""]","[""Other""]","[{""name"":""Dataset"",""type"":""Table"",""description"":""Dataset to apply expression to""},{""name"":""Expression"",""type"":""Expression<AnyType>"",""description"":""Expression to compute when no result exists for key""},{""name"":""Key"",""type"":""List<Expression<Array<Binary | Boolean | Byte | Date | Integer | Long | Short | String | Timestamp> | Binary | Boolean | Byte | Date | Integer | Long | Short | String | Timestamp>>"",""description"":""Results are stored under this key. For a given key, a result will never be computed twice""},{""name"":""Store id"",""type"":""Literal<String>"",""description"":""The id for the store to store results under. If this id is changed, all results will be invalidated. The same id cannot be used twice in the same pipeline""},{""name"":""Always recompute null results"",""type"":""Literal<Boolean>"",""description"":""If true, any null results in the store will always be recomputed even if the result passes the user-provided store condition. This applies to both simple values as well as {ok, error} structs. Note that in order to maintain store invariants, the store must be reset whenever this value changes""},{""name"":""Disable store"",""type"":""Literal<Boolean>"",""description"":""If true, the store is fully disabled and all store parameters are ignored. At this point the transform will operate like a regular apply expression""},{""name"":""Do not store results when"",""type"":""Expression<Boolean>"",""description"":""Some results may not be desired to store. For example, an error result or null result. Given the result, choose what values should not be stored. By default, null results are not stored""}]",事实,cached+heading,https://gitlabee.chehejia.com/huyongqiang/pipeline-transform-research/-/issues/118,true,
dateDistributionV1,Date distribution,https://www.palantir.com/docs/foundry/pb-functions-transform/dateDistributionV1/,"[""Batch""]","[""Datetime""]","[{""name"":""Column"",""type"":""Column<Date | Timestamp>"",""description"":""Column to compute distribution for""},{""name"":""Dataset"",""type"":""Table"",""description"":""Dataset to apply distribution to""},{""name"":""End time"",""type"":""Literal<Date | Timestamp>"",""description"":""End time for distribution. Any time after will be ignored""},{""name"":""Start time"",""type"":""Literal<Date | Timestamp>"",""description"":""Start time for distribution. Any time before will be ignored""},{""name"":""Time bucket"",""type"":""Enum<Day, Hour, Minute, Month, Second, Week, Year>"",""description"":""The time unit to use for buckets""}]",事实,cached+heading,https://gitlabee.chehejia.com/huyongqiang/pipeline-transform-research/-/issues/119,true,
dropDuplicatesV1,Drop duplicates,https://www.palantir.com/docs/foundry/pb-functions-transform/dropDuplicatesV1/,"[""Batch"",""Faster""]","[""Other""]","[{""name"":""Dataset"",""type"":null,""description"":""ri.foundry.main.dataset.aggregate""},{""name"":""Column subset"",""type"":null,""description"":""{tail_number}""},{""name"":""Input"",""type"":null,""description"":""tail_numberairlinemilesfactorXB-123foundry air1242MT-222new airline11235XB-123foundry airline3355MT-222new air5654KK-452new air2221XB-123foundry airline11343""}]",事实,rendered,https://gitlabee.chehejia.com/huyongqiang/pipeline-transform-research/-/issues/120,true,
dropV1,Drop columns,https://www.palantir.com/docs/foundry/pb-functions-transform/dropV1/,"[""Batch"",""Faster"",""Streaming""]","[""Popular""]","[{""name"":""Columns to drop"",""type"":null,""description"":""{miles}""},{""name"":""Dataset"",""type"":null,""description"":""ri.foundry.main.dataset.a""},{""name"":""Input"",""type"":null,""description"":""airlinemilesairportsfoundry airways3000[ JFK, SFO ]""}]",事实,rendered,https://gitlabee.chehejia.com/huyongqiang/pipeline-transform-research/-/issues/121,true,
emptyFileV1,Empty file,https://www.palantir.com/docs/foundry/pb-functions-transform/emptyFileV1/,"[""Batch""]","[""Other""]","[{""name"":""Read mode"",""type"":""Enum<INCREMENTAL, SNAPSHOT, STREAM, UNKNOWN>"",""description"":""The read mode of the empty dataset""}]",事实,cached+heading,https://gitlabee.chehejia.com/huyongqiang/pipeline-transform-research/-/issues/122,true,
emptyMediaSetFileV1,Empty media set file,https://www.palantir.com/docs/foundry/pb-functions-transform/emptyMediaSetFileV1/,"[""Batch"",""Streaming""]","[""Other""]","[{""name"":""Schema"",""type"":""Literal<String>"",""description"":""A schema to be used for the output contract""}]",事实,cached+heading,https://gitlabee.chehejia.com/huyongqiang/pipeline-transform-research/-/issues/123,true,
emptyTableV1,Empty table,https://www.palantir.com/docs/foundry/pb-functions-transform/emptyTableV1/,"[""Batch"",""Faster"",""Streaming""]","[""Other""]","[{""name"":""Schema"",""type"":""Struct<flight_code, flight_number, airline>"",""description"":""Struct<flight_code, flight_number, airline>""},{""name"":""Read mode"",""type"":null,""description"":null},{""name"":""Inputs"",""type"":null,""description"":null}]",事实,rendered,https://gitlabee.chehejia.com/huyongqiang/pipeline-transform-research/-/issues/124,true,
extractEmailDataAsRowsV1,extractEmailDataAsRowsV1,https://www.palantir.com/docs/foundry/pb-functions-transform/extractEmailDataAsRowsV1/,[],[],"[{""name"":""Dataset"",""type"":""Files"",""description"":""Dataset of email files to process""},{""name"":""Email information to extract"",""type"":""Set<Enum<Attachments, Bcc, Body (HTML), Body (Plain), Cc, File Name, File Path, From, Headers, ID, and more ...>>"",""description"":""Metadata columns to include""}]",事实,cached+heading,https://gitlabee.chehejia.com/huyongqiang/pipeline-transform-research/-/issues/125,true,
firstUnionByNameV1,First union by name,https://www.palantir.com/docs/foundry/pb-functions-transform/firstUnionByNameV1/,"[""Batch"",""Faster""]","[""Join""]","[{""name"":""Datasets to union"",""type"":null,""description"":""[ri.foundry.main.dataset.a, ri.foundry.main.dataset.b]""},{""name"":""Inputs"",""type"":null,""description"":""ri.foundry.main.dataset.a recently_servicedtail_numberairline_codetrueKK-150KKfalseXB-120XBtrueMT-190MT ri.foundry.main.dataset.b recently_servicedtail_numberhome_countrytrueAA-200UStrueBN-435UKtrueBN-111UK""}]",事实,rendered,https://gitlabee.chehejia.com/huyongqiang/pipeline-transform-research/-/issues/126,true,
extractFileMetadataAsRowsV1,Extract file metadata from dataset as rows,https://www.palantir.com/docs/foundry/pb-functions-transform/extractFileMetadataAsRowsV1/,"[""Batch""]","[""File""]","[{""name"":""Dataset"",""type"":""Files"",""description"":""Dataset of files""},{""name"":""Dataset information to include"",""type"":""Set<Enum<File modified timestamp, File size in bytes, Include input dataset branch, Input dataset rid>>"",""description"":""Additional metadata columns to include""}]",事实,rendered+heading,https://gitlabee.chehejia.com/huyongqiang/pipeline-transform-research/-/issues/127,true,
filterFilesV1,Filter files,https://www.palantir.com/docs/foundry/pb-functions-transform/filterFilesV1/,"[""Batch""]","[""File""]","[{""name"":""Dataset"",""type"":""Files"",""description"":""Dataset of files to process""},{""name"":""File filter to apply"",""type"":""Expression<Boolean>"",""description"":""The filter expression to apply on the files""}]",事实,rendered+heading,https://gitlabee.chehejia.com/huyongqiang/pipeline-transform-research/-/issues/128,true,
filterV1,Filter,https://www.palantir.com/docs/foundry/pb-functions-transform/filterV1/,"[""Batch"",""Faster"",""Streaming""]","[""Data preparation"",""Popular""]","[{""name"":""Dataset"",""type"":null,""description"":""ri.foundry.main.dataset.a""},{""name"":""Filter condition"",""type"":null,""description"":""recently_serviced""},{""name"":""Input"",""type"":null,""description"":""recently_servicedtail_numbertrueKK-150falseXB-120trueMT-190""}]",事实,rendered,https://gitlabee.chehejia.com/huyongqiang/pipeline-transform-research/-/issues/129,true,
flattenStructV1,Flatten struct,https://www.palantir.com/docs/foundry/pb-functions-transform/flattenStructV1/,"[""Batch"",""Faster"",""Streaming""]","[""Struct""]","[{""name"":""Dataset"",""type"":null,""description"":""ri.foundry.main.dataset.a""},{""name"":""Expression"",""type"":null,""description"":""raw""},{""name"":""Max depth"",""type"":null,""description"":""2""},{""name"":""Column prefix"",""type"":null,""description"":""new_""},{""name"":""Separator"",""type"":null,""description"":null},{""name"":""Input"",""type"":null,""description"":null},{""name"":""raw{ airline"",""type"":null,""description"":""{ id: NA, name: new air,}, tail_no: NA-123,}{ airline: { id: FA, name: foundry airways,}, tail_no: FA-123,}""}]",事实,rendered,https://gitlabee.chehejia.com/huyongqiang/pipeline-transform-research/-/issues/130,true,
fpGrowthV1,Frequent pattern growth,https://www.palantir.com/docs/foundry/pb-functions-transform/fpGrowthV1/,"[""Batch""]","[""Aggregate"",""Other""]","[{""name"":""Input dataset"",""type"":null,""description"":""ri.foundry.main.dataset.a""},{""name"":""Items column"",""type"":null,""description"":""customer_attributes""},{""name"":""Minimum support"",""type"":null,""description"":""0.6""},{""name"":""Input"",""type"":null,""description"":null},{""name"":""customer_attributes[ age_group"",""type"":null,""description"":""20-30, country: Germany, gender: Female ][ age_group: 20-30, country: Germany, gender: Male ]""}]",事实,rendered,https://gitlabee.chehejia.com/huyongqiang/pipeline-transform-research/-/issues/131,true,
frontendLazOuterCachingJoinV1,Lazarus outer caching join,https://www.palantir.com/docs/foundry/pb-functions-transform/frontendLazOuterCachingJoinV1/,"[""Streaming""]","[""Join""]","[{""name"":""Default cache time unit"",""type"":""Enum<Days, Hours, Milliseconds, Minutes, Seconds, Weeks>"",""description"":""Default unit for amount of time data will be cached for before eviction for both the lhs and rhs cache""},{""name"":""Default cache time value"",""type"":""Literal<Long>"",""description"":""Default value for the amount of time data will be cached for before eviction for both the lhs and rhs cache""},{""name"":""Join key"",""type"":""List<Tuple<Column<AnyType>, Column<AnyType>>>"",""description"":""A list of columns from left and right input to join on""},{""name"":""Left columns to keep"",""type"":""List<Column<AnyType>>"",""description"":""Left columns to keep""},{""name"":""Left dataset"",""type"":""Table"",""description"":""Left dataset to use in join""},{""name"":""Right columns to keep"",""type"":""List<Column<AnyType>>"",""description"":""Right columns to keep""},{""name"":""Right dataset"",""type"":""Table"",""description"":""Right dataset to use in join""},{""name"":""Prefix for columns from right"",""type"":""Literal<String>"",""description"":""Prefix for columns from right""},{""name"":""Rhs cache time override"",""type"":""Tuple<Literal<Long>, Enum<Days, Hours, Milliseconds, Minutes, Seconds, Weeks>>"",""description"":""Value and unit of time that data from the rhs dataset will be cached for before eviction""}]",事实,rendered+heading,https://gitlabee.chehejia.com/huyongqiang/pipeline-transform-research/-/issues/132,true,
frontendOuterCachingJoinV3,Outer caching join,https://www.palantir.com/docs/foundry/pb-functions-transform/frontendOuterCachingJoinV3/,"[""Streaming""]","[""Join""]","[{""name"":""Default cache time unit"",""type"":""Enum<Days, Hours, Milliseconds, Minutes, Seconds, Weeks>"",""description"":""Default unit for amount of time data will be cached for before eviction for both the lhs and rhs cache""},{""name"":""Default cache time value"",""type"":""Literal<Long>"",""description"":""Default value for the amount of time data will be cached for before eviction for both the lhs and rhs cache""},{""name"":""Join key"",""type"":""List<Tuple<Column<AnyType>, Column<AnyType>>>"",""description"":""A list of columns from left and right input to join on""},{""name"":""Left columns to keep"",""type"":""List<Column<AnyType>>"",""description"":""Left columns to keep""},{""name"":""Left dataset"",""type"":""Table"",""description"":""Left dataset to use in join""},{""name"":""Right columns to keep"",""type"":""List<Column<AnyType>>"",""description"":""Right columns to keep""},{""name"":""Right dataset"",""type"":""Table"",""description"":""Right dataset to use in join""},{""name"":""Prefix for columns from right"",""type"":""Literal<String>"",""description"":""Prefix for columns from right""},{""name"":""Rhs cache time override"",""type"":""Tuple<Literal<Long>, Enum<Days, Hours, Milliseconds, Minutes, Seconds, Weeks>>"",""description"":""Value and unit of time that data from the rhs dataset will be cached for before eviction""}]",事实,rendered+heading,https://gitlabee.chehejia.com/huyongqiang/pipeline-transform-research/-/issues/133,true,
geoDistanceLeftJoinV1,Geo distance left join,https://www.palantir.com/docs/foundry/pb-functions-transform/geoDistanceLeftJoinV1/,"[""Batch""]","[""Geospatial"",""Join""]","[{""name"":""Condition for columns to select on the left"",""type"":null,""description"":""columnNameIsIn( columnNames: [geometryColLhs, lhs-1],)""},{""name"":""Condition for columns to select on the right"",""type"":null,""description"":""columnNameIsIn( columnNames: [geometryColRhs, rhs-1],)""},{""name"":""Distance"",""type"":null,""description"":""1640.42""},{""name"":""Join key"",""type"":null,""description"":""(geometryColLhs, geometryColRhs)""},{""name"":""Left dataset"",""type"":null,""description"":""ri.foundry.main.dataset.left""},{""name"":""Projected coordinate system"",""type"":null,""description"":""epsg:2868""},{""name"":""Right dataset"",""type"":null,""description"":""ri.foundry.main.dataset.right""},{""name"":""Prefix for columns from right"",""type"":null,""description"":null},{""name"":""Inputs"",""type"":null,""description"":""ri.foundry.main.dataset.left""},{""name"":""geometryColLhslhs-1{\""coordinates\"""",""type"":null,""description"":""[-112.14843750000001,33.440609443703586], \""type\"":\""Point\""}42.0null43.0 ri.foundry.main.dataset.right""},{""name"":""geometryColRhsrhs-1{\""coordinates\"""",""type"":null,""description"":""[-112.14560508728029,33.44082430962016], \""type\"":\""Point\""}rhsVal1{\""coordinates\"": [-112.11796760559083,33.440895931474124], \""type\"":\""Point\""}rhsVal2""}]",事实,rendered,https://gitlabee.chehejia.com/huyongqiang/pipeline-transform-research/-/issues/134,true,
geoDistanceInnerJoinV1,Geo distance inner join,https://www.palantir.com/docs/foundry/pb-functions-transform/geoDistanceInnerJoinV1/,"[""Batch""]","[""Geospatial"",""Join""]","[{""name"":""Condition for columns to select on the left"",""type"":null,""description"":""columnNameIsIn( columnNames: [geometryColLhs, lhs-1],)""},{""name"":""Condition for columns to select on the right"",""type"":null,""description"":""columnNameIsIn( columnNames: [geometryCol, arrayCol],)""},{""name"":""Distance"",""type"":null,""description"":""10.0""},{""name"":""Join key"",""type"":null,""description"":""(geometryColLhs, geometryCol)""},{""name"":""Left dataset"",""type"":null,""description"":""ri.foundry.main.dataset.left""},{""name"":""Projected coordinate system"",""type"":null,""description"":""EPSG:4326""},{""name"":""Right dataset"",""type"":null,""description"":""ri.foundry.main.dataset.right""},{""name"":""Prefix for columns from right"",""type"":null,""description"":""rhs_""},{""name"":""Inputs"",""type"":null,""description"":""ri.foundry.main.dataset.left""},{""name"":""geometryColLhslhs-1{\""type\"""",""type"":null,""description"":""\""Polygon\"",\""coordinates\"":[[[0.0,0.0],[0.0,10.0],[10.0,10.0],[10.0,0.0],[0.0,0.0]]]}42.0{\""coordinates\"": [55.0, 5.0], \""type\"":\""Point\""}43.0{\""coordinates\"": [[25.0, 0.0], [0.0, 25.0]], \""type\"":\""LineString\""}44.0 ri.foundry.main.dataset.right""},{""name"":""geometryColcol1arrayCol{\""coordinates\"""",""type"":null,""description"":""[[[20.0, 10.0], [27.0, 10.0], [27.0, 17.0], [20.0, 17.0], [20.0, 10.0]]], \""type\"": \""Polygon\""}rhsVal1[ 0.0, 1.0 ]{\""coordinates\"": [[[21.0, 21.0], [27.0, 21.0], [27.0, 27.0], [21.0, 27.0], [21.0, 21.0]]], \""type\"": \""Polygon\""}rhsVal2[ 0.0, 1.0 ]""}]",事实,rendered,https://gitlabee.chehejia.com/huyongqiang/pipeline-transform-research/-/issues/135,true,
geoIntersectionAntiJoinV1,Geo intersection left anti join,https://www.palantir.com/docs/foundry/pb-functions-transform/geoIntersectionAntiJoinV1/,"[""Streaming""]","[""Geospatial"",""Join""]","[{""name"":""Condition for columns to select on the left"",""type"":null,""description"":""allColumns()""},{""name"":""Condition for columns to select on the right"",""type"":null,""description"":""allColumns()""},{""name"":""Join key"",""type"":null,""description"":""(geometryColLhs, geometryColRhs)""},{""name"":""Left dataset"",""type"":null,""description"":""ri.foundry.main.dataset.left""},{""name"":""Right dataset"",""type"":null,""description"":""ri.foundry.main.dataset.right""},{""name"":""Prefix for columns from right"",""type"":null,""description"":null},{""name"":""Inputs"",""type"":null,""description"":""ri.foundry.main.dataset.left""},{""name"":""geometryColLhscol1Lhs{\""type\"""",""type"":null,""description"":""\""Polygon\"",\""coordinates\"":[[[0.0,0.0],[0.0,10.0],[10.0,10.0],[10.0,0.0],[0.0,0.0]]]}42.0{\""coordinates\"": [55.0, 5.0], \""type\"":\""Point\""}43.0 ri.foundry.main.dataset.right""},{""name"":""geometryColRhscol1Rhs{\""coordinates\"""",""type"":null,""description"":""[[[2.0, 2.0], [7.0, 2.0], [7.0, 7.0], [2.0, 7.0], [2.0, 2.0]]], \""type\"": \""Polygon\""}rhsVal1{\""coordinates\"": [[[12.0, 12.0], [17.0, 12.0], [17.0, 17.0], [12.0, 17.0], [12.0, 12.0]]], \""type\"": \""Polygon\""}rhsVal2{\""coordinates\"": [0.0, 0.0], \""type\"":\""Point\""}rhsVal3{\""coordinates\"": [15.0, 15.0], \""type\"":\""Point\""}rhsVal4""}]",事实,rendered,https://gitlabee.chehejia.com/huyongqiang/pipeline-transform-research/-/issues/136,true,
geoIntersectionInnerJoinV1,Geo intersection inner join,https://www.palantir.com/docs/foundry/pb-functions-transform/geoIntersectionInnerJoinV1/,"[""Batch"",""Streaming""]","[""Geospatial"",""Join""]","[{""name"":""Condition for columns to select on the left"",""type"":null,""description"":""allColumns()""},{""name"":""Condition for columns to select on the right"",""type"":null,""description"":""allColumns()""},{""name"":""Join key"",""type"":null,""description"":""(geometryColLhs, geometryColRhs)""},{""name"":""Left dataset"",""type"":null,""description"":""ri.foundry.main.dataset.left""},{""name"":""Right dataset"",""type"":null,""description"":""ri.foundry.main.dataset.right""},{""name"":""Prefix for columns from right"",""type"":null,""description"":null},{""name"":""Inputs"",""type"":null,""description"":""ri.foundry.main.dataset.left""},{""name"":""geometryColLhscol1Lhs{\""type\"""",""type"":null,""description"":""\""Polygon\"",\""coordinates\"":[[[0.0,0.0],[0.0,10.0],[10.0,10.0],[10.0,0.0],[0.0,0.0]]]}42.0 ri.foundry.main.dataset.right""},{""name"":""geometryColRhscol1Rhs{\""coordinates\"""",""type"":null,""description"":""[[[2.0, 2.0], [7.0, 2.0], [7.0, 7.0], [2.0, 7.0], [2.0, 2.0]]], \""type\"": \""Polygon\""}rhsVal1{\""coordinates\"": [[[12.0, 12.0], [17.0, 12.0], [17.0, 17.0], [12.0, 17.0], [12.0, 12.0]]], \""type\"": \""Polygon\""}rhsVal2{\""coordinates\"": [0.0, 0.0], \""type\"":\""Point\""}rhsVal3{\""coordinates\"": [15.0, 15.0], \""type\"":\""Point\""}rhsVal4{\""coordinates\"": [[-1.0, -1.0], [5.0, 5.0]], \""type\"":\""LineString\""}rhsVal5{\""coordinates\"": [[20.0, 20.0], [21.0, 23.0]], \""type\"":\""LineString\""}rhsVal6{\""coordinates\"": [[-1.0, -1.0], [5.0, 5.0]], \""type\"":\""LineString\""}rhsVal7{\""coordinates\"": [[20.0, 20.0], [21.0, 23.0]], \""type\"":\""LineString\""}rhsVal8{\""coordinates\"": [[[[2.0, 2.0], [7.0, 2.0], [7.0, 7.0], [2.0, 7.0], [2.0, 2.0]]], [[[12.0, 12.0], [17.0, 12.0], [17.0, 17.0], [12.0, 17.0], [12.0, 12.0]]]], \""type\"":\""MultiPolygon\""}rhsVal9{\""coordinates\"": [[[[170.0, 170.0], [190.0, 170.0], [190.0, 190.0], [170.0, 190.0], [170.0, 170.0]]], [[[12.0, 12.0], [17.0, 12.0], [17.0, 17.0], [12.0, 17.0], [12.0, 12.0]]]], \""type\"":\""MultiPolygon\""}rhsVal10""}]",事实,rendered,https://gitlabee.chehejia.com/huyongqiang/pipeline-transform-research/-/issues/137,true,
geoIntersectionJoinV1,Geometry intersection join,https://www.palantir.com/docs/foundry/pb-functions-transform/geoIntersectionJoinV1/,"[""Batch""]","[""Geospatial"",""Join""]","[{""name"":""Join key"",""type"":null,""description"":""[(geometryColLhs, geometryColRhs)]""},{""name"":""Left dataset"",""type"":null,""description"":""ri.foundry.main.dataset.left""},{""name"":""Right dataset"",""type"":null,""description"":""ri.foundry.main.dataset.right""},{""name"":""Inputs"",""type"":null,""description"":""ri.foundry.main.dataset.left""},{""name"":""geometryColLhslhs-1{\""type\"""",""type"":null,""description"":""\""Polygon\"",\""coordinates\"":[[[0.0,0.0],[0.0,10.0],[10.0,10.0],[10.0,0.0],[0.0,0.0]]]}42.0 ri.foundry.main.dataset.right""},{""name"":""geometryColRhsrhs-1{\""coordinates\"""",""type"":null,""description"":""[[[2.0, 2.0], [7.0, 2.0], [7.0, 7.0], [2.0, 7.0], [2.0, 2.0]]], \""type\"": \""Polygon\""}rhsVal1{\""coordinates\"": [[[12.0, 12.0], [17.0, 12.0], [17.0, 17.0], [12.0, 17.0], [12.0, 12.0]]], \""type\"": \""Polygon\""}rhsVal2{\""coordinates\"": [0.0, 0.0], \""type\"":\""Point\""}rhsVal3{\""coordinates\"": [15.0, 15.0], \""type\"":\""Point\""}rhsVal4{\""coordinates\"": [[-1.0, -1.0], [5.0, 5.0]], \""type\"":\""LineString\""}rhsVal5{\""coordinates\"": [[20.0, 20.0], [21.0, 23.0]], \""type\"":\""LineString\""}rhsVal6{\""coordinates\"": [[-1.0, -1.0], [5.0, 5.0]], \""type\"":\""LineString\""}rhsVal7{\""coordinates\"": [[20.0, 20.0], [21.0, 23.0]], \""type\"":\""LineString\""}rhsVal8{\""coordinates\"": [[[[2.0, 2.0], [7.0, 2.0], [7.0, 7.0], [2.0, 7.0], [2.0, 2.0]]], [[[12.0, 12.0], [17.0, 12.0], [17.0, 17.0], [12.0, 17.0], [12.0, 12.0]]]], \""type\"":\""MultiPolygon\""}rhsVal9{\""coordinates\"": [[[[170.0, 170.0], [190.0, 170.0], [190.0, 190.0], [170.0, 190.0], [170.0, 170.0]]], [[[12.0, 12.0], [17.0, 12.0], [17.0, 17.0], [12.0, 17.0], [12.0, 12.0]]]], \""type\"":\""MultiPolygon\""}rhsVal10""}]",事实,rendered,https://gitlabee.chehejia.com/huyongqiang/pipeline-transform-research/-/issues/138,true,
geoIntersectionLeftJoinV1,Geo intersection left join,https://www.palantir.com/docs/foundry/pb-functions-transform/geoIntersectionLeftJoinV1/,"[""Batch"",""Streaming""]","[""Geospatial"",""Join""]","[{""name"":""Condition for columns to select on the left"",""type"":null,""description"":""allColumns()""},{""name"":""Condition for columns to select on the right"",""type"":null,""description"":""allColumns()""},{""name"":""Join key"",""type"":null,""description"":""(geometryColLhs, geometryColRhs)""},{""name"":""Left dataset"",""type"":null,""description"":""ri.foundry.main.dataset.left""},{""name"":""Right dataset"",""type"":null,""description"":""ri.foundry.main.dataset.right""},{""name"":""Prefix for columns from right"",""type"":null,""description"":null},{""name"":""Inputs"",""type"":null,""description"":""ri.foundry.main.dataset.left""},{""name"":""geometryColLhscol1Lhs{\""type\"""",""type"":null,""description"":""\""Polygon\"",\""coordinates\"":[[[0.0,0.0],[0.0,10.0],[10.0,10.0],[10.0,0.0],[0.0,0.0]]]}42.0{\""coordinates\"": [55.0, 5.0], \""type\"":\""Point\""}43.0 ri.foundry.main.dataset.right""},{""name"":""geometryColRhscol1Rhs{\""coordinates\"""",""type"":null,""description"":""[[[2.0, 2.0], [7.0, 2.0], [7.0, 7.0], [2.0, 7.0], [2.0, 2.0]]], \""type\"": \""Polygon\""}rhsVal1{\""coordinates\"": [[[12.0, 12.0], [17.0, 12.0], [17.0, 17.0], [12.0, 17.0], [12.0, 12.0]]], \""type\"": \""Polygon\""}rhsVal2{\""coordinates\"": [0.0, 0.0], \""type\"":\""Point\""}rhsVal3{\""coordinates\"": [15.0, 15.0], \""type\"":\""Point\""}rhsVal4{\""coordinates\"": [[-1.0, -1.0], [5.0, 5.0]], \""type\"":\""LineString\""}rhsVal5{\""coordinates\"": [[20.0, 20.0], [21.0, 23.0]], \""type\"":\""LineString\""}rhsVal6{\""coordinates\"": [[-1.0, -1.0], [5.0, 5.0]], \""type\"":\""LineString\""}rhsVal7{\""coordinates\"": [[20.0, 20.0], [21.0, 23.0]], \""type\"":\""LineString\""}rhsVal8{\""coordinates\"": [[[[2.0, 2.0], [7.0, 2.0], [7.0, 7.0], [2.0, 7.0], [2.0, 2.0]]], [[[12.0, 12.0], [17.0, 12.0], [17.0, 17.0], [12.0, 17.0], [12.0, 12.0]]]], \""type\"":\""MultiPolygon\""}rhsVal9{\""coordinates\"": [[[[170.0, 170.0], [190.0, 170.0], [190.0, 190.0], [170.0, 190.0], [170.0, 170.0]]], [[[12.0, 12.0], [17.0, 12.0], [17.0, 17.0], [12.0, 17.0], [12.0, 12.0]]]], \""type\"":\""MultiPolygon\""}rhsVal10""}]",事实,rendered,https://gitlabee.chehejia.com/huyongqiang/pipeline-transform-research/-/issues/139,true,
geoKnnInnerJoinV1,Geometry knn inner join,https://www.palantir.com/docs/foundry/pb-functions-transform/geoKnnInnerJoinV1/,"[""Batch""]","[""Geospatial"",""Join""]","[{""name"":""Base dataset"",""type"":null,""description"":""ri.foundry.main.dataset.left""},{""name"":""Condition for columns to select on the left"",""type"":null,""description"":""columnNameIsIn( columnNames: [geometryCol, lhsCol],)""},{""name"":""Condition for columns to select on the right"",""type"":null,""description"":""columnNameIsIn( columnNames: [geometryCol, col],)""},{""name"":""Join key"",""type"":null,""description"":""(geometryCol, geometryCol)""},{""name"":""K"",""type"":null,""description"":""2""},{""name"":""Neighbors dataset"",""type"":null,""description"":""ri.foundry.main.dataset.right""},{""name"":""Projected coordinate system"",""type"":null,""description"":""epsg:2868""},{""name"":""Prefix for columns from right"",""type"":null,""description"":""rhs_""},{""name"":""Inputs"",""type"":null,""description"":""ri.foundry.main.dataset.left""},{""name"":""geometryCollhsCol{\""coordinates\"""",""type"":null,""description"":""[-112.14843750000001,33.440609443703586], \""type\"":\""Point\""}42.0 ri.foundry.main.dataset.right""},{""name"":""geometryColcol{ latitude"",""type"":null,""description"":""33.440609443703586, longitude: -112.14843750000001,}rhsVal1{ latitude: 33.44082430962016, longitude: -112.14560508728029,}rhsVal2{ latitude: 33.440895931474124, longitude: -112.11796760559083,}rhsVal3""}]",事实,rendered,https://gitlabee.chehejia.com/huyongqiang/pipeline-transform-research/-/issues/140,true,
geoKnnLeftJoinV1,Geometry knn left join,https://www.palantir.com/docs/foundry/pb-functions-transform/geoKnnLeftJoinV1/,"[""Batch""]","[""Geospatial"",""Join""]","[{""name"":""Base dataset"",""type"":null,""description"":""ri.foundry.main.dataset.left""},{""name"":""Condition for columns to select on the left"",""type"":null,""description"":""columnNameIsIn( columnNames: [geometryCol, lhsCol],)""},{""name"":""Condition for columns to select on the right"",""type"":null,""description"":""columnNameIsIn( columnNames: [geometryCol, col],)""},{""name"":""Join key"",""type"":null,""description"":""(geometryCol, geometryCol)""},{""name"":""K"",""type"":null,""description"":""2""},{""name"":""Neighbors dataset"",""type"":null,""description"":""ri.foundry.main.dataset.right""},{""name"":""Projected coordinate system"",""type"":null,""description"":""epsg:2868""},{""name"":""Prefix for columns from right"",""type"":null,""description"":""rhs_""},{""name"":""Inputs"",""type"":null,""description"":""ri.foundry.main.dataset.left""},{""name"":""geometryCollhsCol{\""coordinates\"""",""type"":null,""description"":""[-112.14843750000001,33.440609443703586], \""type\"":\""Point\""}42.0 ri.foundry.main.dataset.right""},{""name"":""geometryColcol{ latitude"",""type"":null,""description"":""33.440609443703586, longitude: -112.14843750000001,}rhsVal1{ latitude: 33.44082430962016, longitude: -112.14560508728029,}rhsVal2{ latitude: 33.440895931474124, longitude: -112.11796760559083,}rhsVal3""}]",事实,rendered,https://gitlabee.chehejia.com/huyongqiang/pipeline-transform-research/-/issues/141,true,
geoPointToPoint3dDistanceInnerJoinV1,GeoPoint-to-GeoPoint 3d distance inner join,https://www.palantir.com/docs/foundry/pb-functions-transform/geoPointToPoint3dDistanceInnerJoinV1/,"[""Batch""]","[""Geospatial"",""Join""]","[{""name"":""Condition for columns to select on the left"",""type"":null,""description"":""columnNameIsIn( columnNames: [geometryColLhs, lhs-1],)""},{""name"":""Condition for columns to select on the right"",""type"":null,""description"":""columnNameIsIn( columnNames: [geometryCol, arrayCol],)""},{""name"":""Distance"",""type"":null,""description"":""2.5""},{""name"":""Join key"",""type"":null,""description"":""(geometryColLhs, geometryCol)""},{""name"":""Left dataset"",""type"":null,""description"":""ri.foundry.main.dataset.left""},{""name"":""Projected coordinate system"",""type"":null,""description"":""EPSG:4326""},{""name"":""Right dataset"",""type"":null,""description"":""ri.foundry.main.dataset.right""},{""name"":""Use z-coordinate"",""type"":null,""description"":""false""},{""name"":""Prefix for columns from right"",""type"":null,""description"":""rhs_""},{""name"":""Inputs"",""type"":null,""description"":""ri.foundry.main.dataset.left""},{""name"":""geometryColLhslhs-1{\""coordinates\"""",""type"":null,""description"":""[0.0, 0.0, 0.0], \""type\"":\""Point\""}42.0{\""coordinates\"": [0.0, 0.0, 5.0], \""type\"":\""Point\""}43.0{\""coordinates\"": [0.0, 0.0], \""type\"":\""Point\""}44.0 ri.foundry.main.dataset.right""},{""name"":""geometryColcol1arrayCol{\""coordinates\"""",""type"":null,""description"":""[0.0, 0.0, 2.0], \""type\"":\""Point\""}rhsVal1[ 0.0, 1.0 ]{\""coordinates\"": [0.0, 1.0], \""type\"":\""Point\""}rhsVal2[ 0.0, 1.0 ]""}]",事实,rendered,https://gitlabee.chehejia.com/huyongqiang/pipeline-transform-research/-/issues/142,true,
getManyStructFieldsV1,Extract many struct fields,https://www.palantir.com/docs/foundry/pb-functions-transform/getManyStructFieldsV1/,"[""Batch"",""Faster""]","[""Struct""]","[{""name"":""Dataset"",""type"":null,""description"":""ri.foundry.main.dataset.a""},{""name"":""Locators"",""type"":null,""description"":""[(airline.name, airline), (tail_no, tail_number)]""},{""name"":""Struct"",""type"":null,""description"":""raw""},{""name"":""Input"",""type"":null,""description"":null},{""name"":""raw{ airline"",""type"":null,""description"":""{ id: NA, name: new air,}, tail_no: NA-123,}{ airline: { id: FA, name: foundry airways,}, tail_no: FA-123,}""}]",事实,rendered,https://gitlabee.chehejia.com/huyongqiang/pipeline-transform-research/-/issues/143,true,
heartbeatDetectionV2,Heartbeat detection,https://www.palantir.com/docs/foundry/pb-functions-transform/heartbeatDetectionV2/,"[""Streaming""]","[""Other""]","[{""name"":""Dataset"",""type"":null,""description"":""ri.foundry.main.dataset.test""},{""name"":""Heartbeat time unit"",""type"":null,""description"":""SECONDS""},{""name"":""Heartbeat time value"",""type"":null,""description"":""10""},{""name"":""Partition by columns"",""type"":null,""description"":""{sensor_id}""},{""name"":""Input"",""type"":null,""description"":null},{""name"":""row_ordersensor_idtemperaturemeasurement_timestamp3sensor_219.82024-09-30T00"",""type"":null,""description"":""00:202sensor_121.02024-09-30T00:00:051sensor_120.52024-09-30T00:00:00""}]",事实,rendered,https://gitlabee.chehejia.com/huyongqiang/pipeline-transform-research/-/issues/144,true,
joinV2,Join,https://www.palantir.com/docs/foundry/pb-functions-transform/joinV2/,"[""Batch"",""Faster"",""Streaming""]","[""Join""]","[{""name"":""Join key"",""type"":""List<Tuple<Column<AnyType>, Column<AnyType>>>"",""description"":""A list of columns from left and right input to join on""},{""name"":""Join type"",""type"":""Enum<Anti join, Cross join, Full outer join, Inner join, Left join, Right join, Semi join>"",""description"":""The type of join to perform""},{""name"":""Left dataset"",""type"":""Table"",""description"":""Left dataset to use in join""},{""name"":""Right dataset"",""type"":""Table"",""description"":""Right dataset to use in join""}]",事实,rendered+heading,https://gitlabee.chehejia.com/huyongqiang/pipeline-transform-research/-/issues/145,true,
keyByV3,Key by,https://www.palantir.com/docs/foundry/pb-functions-transform/keyByV3/,"[""Streaming""]","[""Other""]","[{""name"":""Dataset"",""type"":""Table"",""description"":""Dataset to perform key by on""},{""name"":""Enable cdc mode"",""type"":""Literal<Boolean>"",""description"":""If false, only the partition columns are set which control ordering guarantee; rows with the same values for all key columns will be output in the same order they are received. If true both partition columns and primary key are set, which in addition to modifying the ordering guarantee also sets the configuration for how to de-duplicate rows with the same values for all key columns""},{""name"":""Key by columns"",""type"":""Set<Column<Binary | Boolean | Byte | Double | Float | Integer | Long | Short | String | Timestamp>>"",""description"":""Columns on which to partition the input by key. If change data capture is enabled (by specifying primary key parameters), these columns will also be used to defines updates. A row is considered an update if its key values exactly match the key values of a previous row""},{""name"":""Primary key is deleted column"",""type"":""Column<Boolean>"",""description"":""Requires cdc mode enabled. Used in change data capture to define deletes. A row is considered a delete if its deleted column value is set to true, and the key columns exactly match a row to be deleted""},{""name"":""Primary key ordering columns"",""type"":""List<Column<Byte | Date | Decimal | Integer | Long | Short | String | Timestamp>>"",""description"":""Requires cdc mode enabled. Recommended to leave blank for streams. Used in change data capture to define ordering for batch and archive datasets. A row may only be an update or delete if it comes after the row it is trying to modify. If left blank and in streaming cdc mode, the most recently streamed row will always win""}]",事实,rendered+heading,https://gitlabee.chehejia.com/huyongqiang/pipeline-transform-research/-/issues/146,true,
keepDuplicatesV1,Keeps duplicates,https://www.palantir.com/docs/foundry/pb-functions-transform/keepDuplicatesV1/,"[""Batch"",""Faster""]","[""Other""]","[{""name"":""Column subset"",""type"":null,""description"":""{tail_number}""},{""name"":""Dataset"",""type"":null,""description"":""ri.foundry.main.dataset.aggregate""},{""name"":""Input"",""type"":null,""description"":""tail_numberairlinemilesfactorXB-123foundry air1242MT-222new airline11235XB-123foundry airline3355MT-222new air5654KK-452new air2221XB-123foundry airline11343""}]",事实,rendered,https://gitlabee.chehejia.com/huyongqiang/pipeline-transform-research/-/issues/147,true,
lazOuterCachingJoinV1,Lazarus outer caching join,https://www.palantir.com/docs/foundry/pb-functions-transform/lazOuterCachingJoinV1/,"[""Streaming""]","[""Join""]","[{""name"":""Default cache time unit"",""type"":""Enum<Days, Hours, Milliseconds, Minutes, Seconds, Weeks>"",""description"":""Default unit for amount of time data will be cached for before eviction for both the lhs and rhs cache""},{""name"":""Default cache time value"",""type"":""Literal<Long>"",""description"":""Default value for the amount of time data will be cached for before eviction for both the lhs and rhs cache""},{""name"":""Join key"",""type"":""List<Tuple<Column<AnyType>, Column<AnyType>>>"",""description"":""A list of columns from left and right input to join on""},{""name"":""Left dataset"",""type"":""Table"",""description"":""Left dataset to use in join""},{""name"":""Right dataset"",""type"":""Table"",""description"":""Right dataset to use in join""},{""name"":""Rhs cache time override"",""type"":""Tuple<Literal<Long>, Enum<Days, Hours, Milliseconds, Minutes, Seconds, Weeks>>"",""description"":""Value and unit of time that data from the rhs dataset will be cached for before eviction. If cache time is set to 0, the rhs will not cache. If you want the lhs to be uncached, set the default cache time to 0 and override with this parameter""}]",事实,rendered+heading,https://gitlabee.chehejia.com/huyongqiang/pipeline-transform-research/-/issues/148,true,
kmeansV1,K-means clustering,https://www.palantir.com/docs/foundry/pb-functions-transform/kmeansV1/,"[""Batch""]","[""Other""]","[{""name"":""Input dataset"",""type"":null,""description"":""ri.foundry.main.dataset.a""},{""name"":""Maximum k"",""type"":null,""description"":""12""},{""name"":""Minimum k"",""type"":null,""description"":""3""},{""name"":""Number of k values"",""type"":null,""description"":""4""},{""name"":""Vector column"",""type"":null,""description"":""feature_column""},{""name"":""Input"",""type"":null,""description"":""feature_column[ 0.05, 3.1, 2.3 ][ 1.0, 3.1, 2.3 ][ 1.0, 3.5, 2.3 ][ 19.0, 12.3, -1.4 ]""}]",事实,rendered,https://gitlabee.chehejia.com/huyongqiang/pipeline-transform-research/-/issues/149,true,
leftLookupJoinV2,Left lookup join,https://www.palantir.com/docs/foundry/pb-functions-transform/leftLookupJoinV2/,"[""Streaming""]","[""Join""]","[{""name"":""Condition for columns to select on the left"",""type"":null,""description"":""columnNameIsIn( columnNames: [tail_number, airline],)""},{""name"":""Condition for columns to select on the right"",""type"":null,""description"":""columnNameIsIn( columnNames: [home_airport],)""},{""name"":""Join condition"",""type"":null,""description"":""[(tail_number, tail_number)]""},{""name"":""Left dataset"",""type"":null,""description"":""ri.foundry.main.dataset.left""},{""name"":""Max rows to join with a single row"",""type"":null,""description"":""10""},{""name"":""Right dataset"",""type"":null,""description"":""ri.foundry.main.dataset.right""},{""name"":""Prefix for columns from right"",""type"":null,""description"":null},{""name"":""Inputs"",""type"":null,""description"":""ri.foundry.main.dataset.left tail_numberairlinemilesfactorXB-123foundry air1242MT-222new airline11235XB-123foundry airline3355MT-222new air5654KK-452new air2221PA-452new air2122XB-123foundry airline11342 ri.foundry.main.dataset.right tail_numberhome_airportXB-123LHRMT-222CPHKK-452JFKJR-201IAD""}]",事实,rendered,https://gitlabee.chehejia.com/huyongqiang/pipeline-transform-research/-/issues/150,true,
loadMediaReferencesV1,Get media references (datasets),https://www.palantir.com/docs/foundry/pb-functions-transform/loadMediaReferencesV1/,"[""Batch""]","[""File""]","[{""name"":""Dataset"",""type"":""Files"",""description"":""Dataset of files to load media references for""},{""name"":""Forces the mime type"",""type"":""Enum<BMP, CSV, FLAC, H264, JP2K, JPEG, JSON, MP4, MP4_AUDIO, MPEG, and more ...>"",""description"":""Forces the mime type value for each media reference. If not set, then each file will be read to detect a mime type""}]",事实,rendered+heading,https://gitlabee.chehejia.com/huyongqiang/pipeline-transform-research/-/issues/151,true,
loadMediaSetReferencesV2,Convert media set to table rows,https://www.palantir.com/docs/foundry/pb-functions-transform/loadMediaSetReferencesV2/,"[""Batch""]","[""File"",""Media""]","[{""name"":""Deduplicate by path"",""type"":""Literal<Boolean>"",""description"":""Deduplicate media items by path. Only supported in snapshot mode""},{""name"":""Media set"",""type"":null,""description"":""Media set to load media references for.Media""}]",事实,rendered+heading,https://gitlabee.chehejia.com/huyongqiang/pipeline-transform-research/-/issues/152,true,
mappingJoinV1,Mapping join,https://www.palantir.com/docs/foundry/pb-functions-transform/mappingJoinV1/,"[""Batch"",""Faster""]","[""Join""]","[{""name"":""Input dataset"",""type"":null,""description"":""ri.foundry.main.dataset.input""},{""name"":""Key column for mapping values"",""type"":null,""description"":""flight_code""},{""name"":""Mapping dataset"",""type"":null,""description"":""ri.foundry.main.dataset.mapping""},{""name"":""Target columns"",""type"":null,""description"":""[flight_no, next_flight]""},{""name"":""Values to use for mapping"",""type"":null,""description"":""flight_number""},{""name"":""Assume unique mappings"",""type"":null,""description"":null},{""name"":""Default value"",""type"":null,""description"":""unknown""},{""name"":""Inputs"",""type"":null,""description"":""ri.foundry.main.dataset.input""},{""name"":""flight_nonext_flightdeparture_time5331122022-01-20T10"",""type"":null,""description"":""45:00Z9345332022-01-20T11:20:00Z2229342022-01-20T11:20:00Z ri.foundry.main.dataset.mapping flight_codeflight_numberairline112XB-123foundry airlines533MT-444foundry airlines934KK-123new air""}]",事实,rendered,https://gitlabee.chehejia.com/huyongqiang/pipeline-transform-research/-/issues/153,true,
manuallyEnteredTableV1,Manually entered table,https://www.palantir.com/docs/foundry/pb-functions-transform/manuallyEnteredTableV1/,"[""Batch"",""Faster"",""Streaming""]","[""Other""]","[{""name"":""Rows"",""type"":null,""description"":""[{ airline: foundry airlines, flight_code: 112, flight_number: XB-123,}, { airline: foundry airlines, flight_code: 533, flight_number: MT-444,}, { airline: new air, flight_code: 934, flight_number: KK-123,}]""},{""name"":""Schema"",""type"":""Struct<flight_code, flight_number, airline>"",""description"":""Struct<flight_code, flight_number, airline>""},{""name"":""Inputs"",""type"":null,""description"":null}]",事实,rendered,https://gitlabee.chehejia.com/huyongqiang/pipeline-transform-research/-/issues/154,true,
narrowUnionByNameV1,Narrow union by name,https://www.palantir.com/docs/foundry/pb-functions-transform/narrowUnionByNameV1/,"[""Batch"",""Faster""]","[""Join""]","[{""name"":""Datasets to union"",""type"":null,""description"":""[ri.foundry.main.dataset.a, ri.foundry.main.dataset.b]""},{""name"":""Inputs"",""type"":null,""description"":""ri.foundry.main.dataset.a recently_servicedtail_numbertrueKK-150falseXB-120trueMT-190 ri.foundry.main.dataset.b recently_servicedtail_numberairline_codetrueAA-200AAtrueBN-435BNtrueBN-111BN""}]",事实,rendered,https://gitlabee.chehejia.com/huyongqiang/pipeline-transform-research/-/issues/155,true,
newOperatorChainV1,New operator chain,https://www.palantir.com/docs/foundry/pb-functions-transform/newOperatorChainV1/,"[""Streaming""]","[""Other""]","[{""name"":""Dataset"",""type"":""Table"",""description"":""Dataset to create new operator chain after""},{""name"":""Slot sharing group"",""type"":""Literal<String>"",""description"":""Optional slot sharing group. Advanced flink concept to control which slot / task manager this operator chain is scheduled on""}]",事实,rendered+heading,https://gitlabee.chehejia.com/huyongqiang/pipeline-transform-research/-/issues/156,true,
normalizeColumnNamesV1,Normalize column names,https://www.palantir.com/docs/foundry/pb-functions-transform/normalizeColumnNamesV1/,"[""Batch"",""Faster"",""Streaming""]","[""Data preparation""]","[{""name"":""Dataset"",""type"":null,""description"":""ri.foundry.main.dataset.a""},{""name"":""Remove special characters"",""type"":null,""description"":null},{""name"":""Input"",""type"":null,""description"":""recentlyServicedtailNumber_airlineCodetrueKK-150KKfalseXB-120XBtrueMT-190MT""}]",事实,rendered,https://gitlabee.chehejia.com/huyongqiang/pipeline-transform-research/-/issues/157,true,
numericDistributionV2,Numeric distribution,https://www.palantir.com/docs/foundry/pb-functions-transform/numericDistributionV2/,"[""Batch"",""Faster""]","[""Numeric""]","[{""name"":""Bucket count"",""type"":null,""description"":""10""},{""name"":""Column"",""type"":null,""description"":""value""},{""name"":""Dataset"",""type"":null,""description"":""ri.foundry.main.dataset.a""},{""name"":""Maximum value"",""type"":null,""description"":""20.0""},{""name"":""Minimum value"",""type"":null,""description"":""0.0""},{""name"":""Input"",""type"":null,""description"":""value0.00.01.35.310.5""}]",事实,rendered,https://gitlabee.chehejia.com/huyongqiang/pipeline-transform-research/-/issues/158,true,
outerCachingJoinV3,Outer caching join,https://www.palantir.com/docs/foundry/pb-functions-transform/outerCachingJoinV3/,"[""Streaming""]","[""Join""]","[{""name"":""Default cache time unit"",""type"":""Enum<Days, Hours, Milliseconds, Minutes, Seconds, Weeks>"",""description"":""Default unit for amount of time data will be cached for before eviction for both the lhs and rhs cache""},{""name"":""Default cache time value"",""type"":""Literal<Long>"",""description"":""Default value for the amount of time data will be cached for before eviction for both the lhs and rhs cache""},{""name"":""Join key"",""type"":""List<Tuple<Column<Binary | Boolean | Byte | Double | Float | Integer | Long | Short | String | Timestamp>, Column<Binary | Boolean | Byte | Double | Float | Integer | Long | Short | String | Timestamp>>>"",""description"":""A list of columns from left and right input to join on""},{""name"":""Left dataset"",""type"":""Table"",""description"":""Left dataset to use in join""},{""name"":""Right dataset"",""type"":""Table"",""description"":""Right dataset to use in join""},{""name"":""Rhs cache time override"",""type"":""Tuple<Literal<Long>, Enum<Days, Hours, Milliseconds, Minutes, Seconds, Weeks>>"",""description"":""Value and unit of time that data from the rhs dataset will be cached for before eviction. If cache time is set to 0, the rhs will not cache. If you want the lhs to be uncached, set the default cache time to 0 and override with this parameter""}]",事实,rendered+heading,https://gitlabee.chehejia.com/huyongqiang/pipeline-transform-research/-/issues/159,true,
parseExcelV2,Extract rows from an Excel file,https://www.palantir.com/docs/foundry/pb-functions-transform/parseExcelV2/,"[""Batch""]","[""File""]","[{""name"":""Dataset"",""type"":""Files"",""description"":""Dataset of files to process""},{""name"":""Rows to skip"",""type"":""Literal<Integer>"",""description"":""Number of rows to skip at the start of each sheet. If you do not use the \""Treat first row (after skipping) as header\"" option and a header is present, this value should include the header row""},{""name"":""Schema"",""type"":""List<Literal<String>>"",""description"":""An ordered list of column names corresponding to data in the sheets that match the specified pattern""},{""name"":""Source sheet pattern"",""type"":""Literal<String>"",""description"":""Data will be extracted from all sheets whose names contain a substring matching this regular expression. If you specify the empty string (the default value for this parameter), data will be extracted from all sheets. To do a full-string match instead of a substring match, you can add ^ at the start and $ at the end of the string""},{""name"":""Output column to put the file path"",""type"":""Literal<String>"",""description"":""If present, an output column will be created with this column name, containing the path of the parsed file""},{""name"":""Output column to put the row number"",""type"":""Literal<String>"",""description"":""If present, an output column will be created with this column name, containing the 1-indexed row number of the parsed row""},{""name"":""Output column to put the sheet name"",""type"":""Literal<String>"",""description"":""If present, an output column will be created with this column name, containing the sheet name of the parsed row""},{""name"":""Treat first row (after skipping) as header"",""type"":null,""description"":""If true, the first row in each sheet after skipping will be treated as a header, and the order of the fields in that header will be used to determine the mapping between the columns in the sheet and the columns in the schema. The order of the fields can differ between sheets (and files), and it is neither necessary for all fields specified in the schema to be present in all sheets nor for all fields present in the Excel sheets to be included in the schema. The strings present in the cell values of the header row will be mapped to the schema column names case-insensitively after applying the following sanitization and disambiguation steps: If present, remove any string-initial sequence of any combination of the characters (),;{}\\n\\t= (the first character in this list is the ASCII space). Replace all remaining instances of (),;{}\\n\\t= with underscores. Replace all consecutive underscores with one underscore. If the string now ends with an underscore, remove that underscore. If the string's length is now 0, replace the string with _untitled_column. After applying steps 1 through 5 to each string, if the same string value (ignoring case) appears more than once, append an underscore and number suffix to the second instance onward (the first suffix added this way will be _2). Literal<Boolean>""}]",事实,rendered+heading,https://gitlabee.chehejia.com/huyongqiang/pipeline-transform-research/-/issues/160,true,
parseCsvV1,Extract rows from a CSV file,https://www.palantir.com/docs/foundry/pb-functions-transform/parseCsvV1/,"[""Batch""]","[""File""]","[{""name"":""Dataset"",""type"":""Files"",""description"":""Dataset of files to process""},{""name"":""Schema"",""type"":null,""description"":""Schema definition used when parsing the CSV files.Type<Struct>""},{""name"":""Allow multiline"",""type"":""Literal<Boolean>"",""description"":""Specifies whether the parsing should allow for rows split across multiple lines. The default is set to false""},{""name"":""Column delimiter"",""type"":""Literal<String>"",""description"":""Provides the delimiter used in the CSV file. The default delimiter is the comma""},{""name"":""Custom escape character"",""type"":""Literal<String>"",""description"":""Sets a single character used for escaping quotes inside an already quoted value""},{""name"":""Custom quote character"",""type"":""Literal<String>"",""description"":""Sets a single character for escaping quoted values where the separator can be part of the value. For reading, if you would like to turn off quotations, set the value to an empty string. The default value is the quote (\"")""},{""name"":""Encoding"",""type"":""Enum<ISO_8859_1, US_ASCII, UTF_16, UTF_16BE, UTF_16LE, UTF_8, Windows-31J>"",""description"":""Character encoding of the input files""},{""name"":""Include last modified timestamp"",""type"":""Literal<Boolean>"",""description"":""Specifies whether the output dataset should contain the file's last modified timestamp. The default value is false""},{""name"":""Includes header"",""type"":""Literal<Boolean>"",""description"":""Specifies whether the CSV file contains the header. The default value is false""}]",事实,rendered+heading,https://gitlabee.chehejia.com/huyongqiang/pipeline-transform-research/-/issues/161,true,
parseGeoJsonV1,Extract rows from a GeoJSON file,https://www.palantir.com/docs/foundry/pb-functions-transform/parseGeoJsonV1/,"[""Batch""]","[""File"",""Geospatial""]","[{""name"":""Dataset"",""type"":""Files"",""description"":""Dataset of GeoJSON files to process""},{""name"":""Multiline"",""type"":""Literal<Boolean>"",""description"":""If every line in each file is a fully valid GeoJSON of type Feature, set this to false. If the entire file is a valid GeoJSON of type FeatureCollection, set this to true""},{""name"":""List of properties"",""type"":null,""description"":""List of properties and their types that need to be extracted from these GeoJSON files. If no value or an empty struct is provided, extracts all 'properties' in one properties column as a string.Type<Struct>""},{""name"":""Source coordinate system"",""type"":""Literal<String>"",""description"":""Coordinate system identifier formatted as \""authority\"". For example, UTM zone 18N could be identified by EPSG:32618. If not specified, will default to WGS84 which is EPSG:4326""}]",事实,rendered+heading,https://gitlabee.chehejia.com/huyongqiang/pipeline-transform-research/-/issues/162,true,
parseJsonV1,Extract rows from a JSON file,https://www.palantir.com/docs/foundry/pb-functions-transform/parseJsonV1/,"[""Batch""]","[""File"",""String"",""Struct""]","[{""name"":""Allow JSON values to span multiple lines"",""type"":""Literal<Boolean>"",""description"":""If off, a single JSON record must be entirely on one line. If on, a single JSON record may span multiple lines""},{""name"":""Dataset"",""type"":""Files"",""description"":""Dataset of files to process""},{""name"":""Schema"",""type"":null,""description"":""Schema definition used when parsing the JSON files.Type<Struct>""}]",事实,rendered+heading,https://gitlabee.chehejia.com/huyongqiang/pipeline-transform-research/-/issues/163,true,
parseKmlFilesV1,Parse KML files into geometry lists,https://www.palantir.com/docs/foundry/pb-functions-transform/parseKmlFilesV1/,"[""Batch""]","[""File""]","[{""name"":""Dataset"",""type"":""Files"",""description"":""Dataset of files to process""},{""name"":""Should prepare"",""type"":""Literal<Boolean>"",""description"":""Flag indicating whether to prepare the geometry for Ontology ingest after parsing. You should always prepare unless know that your input is invalid and still want to perform geospatial operations on it. Default to true""}]",事实,rendered+heading,https://gitlabee.chehejia.com/huyongqiang/pipeline-transform-research/-/issues/164,true,
parseShapefileV1,Extract rows from shapefile,https://www.palantir.com/docs/foundry/pb-functions-transform/parseShapefileV1/,"[""Batch""]","[""File"",""Geospatial""]","[{""name"":""Dataset"",""type"":""Files"",""description"":""Dataset of shapefiles to process. Each shapefile must have a .shp, .shx and a .dbf file. All files of a shapefile must have the same name. For example, a dataset with these files has two shapefiles (shapefile1, and shapefile2): shapefile1.shp, shapefile1.shx, shapefile1.dbf, folder/shapefile2.shp, folder/shapefile2.shx, folder/shapefile2.dbf""},{""name"":""List of properties"",""type"":null,""description"":""List of properties and their types that need to be extracted from these shapefiles. If no value or an empty struct is provided, extracts all properties in one 'properties' column as a string.Type<Struct>""},{""name"":""Source coordinate system"",""type"":""Literal<String>"",""description"":""Coordinate system identifier formatted as \""authority\"". For example, UTM zone 18N could be identified by EPSG:32618. If not specified, will default to WGS84 which is EPSG:4326. Input geometries will be converted from this coordinate system to EPSG:4326 in order to standardize downstream transformations""}]",事实,rendered+heading,https://gitlabee.chehejia.com/huyongqiang/pipeline-transform-research/-/issues/165,true,
parseTextFileV1,Extract rows from a dataset of text files,https://www.palantir.com/docs/foundry/pb-functions-transform/parseTextFileV1/,"[""Batch""]","[""File"",""String""]","[{""name"":""Dataset"",""type"":""Files"",""description"":""Dataset of files to process""}]",事实,rendered+heading,https://gitlabee.chehejia.com/huyongqiang/pipeline-transform-research/-/issues/166,true,
pivotV1,Pivot,https://www.palantir.com/docs/foundry/pb-functions-transform/pivotV1/,"[""Batch"",""Faster""]","[""Aggregate"",""Popular""]","[{""name"":""Aggregations"",""type"":null,""description"":""[alias( alias: miles, expression: mean( expression: miles,),)]""},{""name"":""Dataset"",""type"":null,""description"":""ri.foundry.main.dataset.a""},{""name"":""Group by columns"",""type"":null,""description"":""[airline]""},{""name"":""Pivot by column"",""type"":null,""description"":""airport""},{""name"":""Pivot by values"",""type"":null,""description"":""[(JFK, new_york), (LHR, london)]""},{""name"":""Prefix or suffix alias"",""type"":null,""description"":null},{""name"":""Input"",""type"":null,""description"":""airlineairportmilesfoundry airwaysJFK1002345foundry airwaysLHR2221324new airSFO21356673new airJFK12323456foundry airwaysLHR12542352new airJFK12232355""}]",事实,rendered,https://gitlabee.chehejia.com/huyongqiang/pipeline-transform-research/-/issues/167,true,
projectOnConditionV1,Apply to multiple columns,https://www.palantir.com/docs/foundry/pb-functions-transform/projectOnConditionV1/,"[""Batch"",""Faster"",""Streaming""]","[""Popular""]","[{""name"":""Condition for columns to project"",""type"":null,""description"":""columnHasType( type: String,)""},{""name"":""Dataset"",""type"":null,""description"":""ri.foundry.main.dataset.a""},{""name"":""Expression to apply"",""type"":null,""description"":""dynamicAlias( expression: cast( expression: column, type: Integer,), transformer: columnNameRegexReplace( input: column, pattern: str, replace: int,),)""},{""name"":""Keep remaining columns"",""type"":null,""description"":""true""},{""name"":""Keep matched columns"",""type"":null,""description"":""false""},{""name"":""Input"",""type"":null,""description"":""iddistance_strfactor_str120001265""}]",事实,rendered,https://gitlabee.chehejia.com/huyongqiang/pipeline-transform-research/-/issues/168,true,
projectV1,Apply multiple expressions,https://www.palantir.com/docs/foundry/pb-functions-transform/projectV1/,"[""Batch"",""Faster"",""Streaming""]","[""Popular""]","[{""name"":""Columns"",""type"":null,""description"":""[alias( alias: airline, expression: airline,)]""},{""name"":""Dataset"",""type"":null,""description"":""ri.foundry.main.dataset.a""},{""name"":""Keep remaining columns"",""type"":null,""description"":""false""},{""name"":""Input"",""type"":null,""description"":""airlinemilesfoundry airways2500new air3000""}]",事实,rendered,https://gitlabee.chehejia.com/huyongqiang/pipeline-transform-research/-/issues/169,true,
renameColumnsV1,Rename columns,https://www.palantir.com/docs/foundry/pb-functions-transform/renameColumnsV1/,"[""Batch"",""Faster"",""Streaming""]","[""Data preparation"",""Popular""]","[{""name"":""Input dataset"",""type"":null,""description"":""ri.foundry.main.dataset.a""},{""name"":""Renames"",""type"":null,""description"":""[(recently_serviced, does_not_require_service)]""},{""name"":""Input"",""type"":null,""description"":""recently_servicedtail_numberairline_codetrueKK-150KKfalseXB-120XBtrueMT-190MT""}]",事实,rendered,https://gitlabee.chehejia.com/huyongqiang/pipeline-transform-research/-/issues/170,true,
repartitionV1,Repartition data,https://www.palantir.com/docs/foundry/pb-functions-transform/repartitionV1/,"[""Batch"",""Faster""]","[""Other""]","[{""name"":""Dataset"",""type"":""Table"",""description"":""Dataset to perform aggregate on""},{""name"":""Incremental partition count"",""type"":""Literal<Integer>"",""description"":""Number of partitions to reshuffle to if the build is incrementally updated""},{""name"":""Number of partitions"",""type"":""Literal<Integer>"",""description"":""Number of partitions to reshuffle to""},{""name"":""Partitioning columns"",""type"":""List<Column<AnyType>>"",""description"":""Specifies the list of columns to be used for repartitioning""}]",事实,rendered+heading,https://gitlabee.chehejia.com/huyongqiang/pipeline-transform-research/-/issues/171,true,
rollUpV1,Rollup,https://www.palantir.com/docs/foundry/pb-functions-transform/rollUpV1/,"[""Batch"",""Faster""]","[""Aggregate""]","[{""name"":""Aggregations"",""type"":null,""description"":""[alias( alias: max_price, expression: max( expression: price,),)]""},{""name"":""Dataset"",""type"":null,""description"":""ri.foundry.main.dataset.rollupBaseCase""},{""name"":""Rollup columns"",""type"":null,""description"":""[city]""},{""name"":""Input"",""type"":null,""description"":""citymodelpricestoreLondonnew phone900.0MegaMartLondonnew phone850.75AALondonnew phone870.75ABC ZoneSan Francisconew phone1000.0PrescosSan Francisconew phone950.25XZY ForceSan Francisconew phone1105.7Phone MartLondonforestX 20750.1MegaMartLondonforestX 20690.0AALondonforestX 20730.0ABC ZoneSan FranciscoforestX 20890.4PrescosSan FranciscoforestX 20900.1XZY ForceSan FranciscoforestX 201050.75Phone Mart""}]",事实,rendered,https://gitlabee.chehejia.com/huyongqiang/pipeline-transform-research/-/issues/172,true,
rowSizeV1,Row size,https://www.palantir.com/docs/foundry/pb-functions-transform/rowSizeV1/,"[""Batch""]","[""Other""]","[{""name"":""Dataset"",""type"":null,""description"":""ri.foundry.main.dataset.a""},{""name"":""Row size column alias"",""type"":null,""description"":""size""},{""name"":""Input"",""type"":null,""description"":""a1""}]",事实,rendered,https://gitlabee.chehejia.com/huyongqiang/pipeline-transform-research/-/issues/173,true,
selectV1,Select columns,https://www.palantir.com/docs/foundry/pb-functions-transform/selectV1/,"[""Batch"",""Faster"",""Streaming""]","[""Popular""]","[{""name"":""Columns to select"",""type"":""List<Column<AnyType>>"",""description"":""List of columns to select""},{""name"":""Input dataset"",""type"":""Table"",""description"":""Source dataset containing columns to be selected""}]",事实,rendered+heading,https://gitlabee.chehejia.com/huyongqiang/pipeline-transform-research/-/issues/174,true,
sortV2,Sort,https://www.palantir.com/docs/foundry/pb-functions-transform/sortV2/,"[""Batch"",""Faster""]","[""Other""]","[{""name"":""Dataset"",""type"":null,""description"":""ri.foundry.main.dataset.a""},{""name"":""Sort specification"",""type"":null,""description"":""[(b, DESCENDING)]""},{""name"":""Input"",""type"":null,""description"":""ab123456""}]",事实,rendered,https://gitlabee.chehejia.com/huyongqiang/pipeline-transform-research/-/issues/175,true,
splitOnConditionV1,Split on condition,https://www.palantir.com/docs/foundry/pb-functions-transform/splitOnConditionV1/,"[""Batch"",""Faster""]","[""Other""]","[{""name"":""Condition"",""type"":""Expression<Boolean>"",""description"":""Rows where this condition is true will be split into the true output, and rows where this condition is false will be split into the false output""},{""name"":""Input"",""type"":""Table"",""description"":""The input to split""}]",事实,rendered+heading,https://gitlabee.chehejia.com/huyongqiang/pipeline-transform-research/-/issues/176,true,
textBlockV1,Text block,https://www.palantir.com/docs/foundry/pb-functions-transform/textBlockV1/,"[""Batch"",""Faster"",""Streaming""]","[""Other""]","[{""name"":""Input"",""type"":""Table"",""description"":""Dataset input to describe with text""},{""name"":""Text"",""type"":""Literal<String>"",""description"":""Text description of the dataset parameter""}]",事实,rendered+heading,https://gitlabee.chehejia.com/huyongqiang/pipeline-transform-research/-/issues/177,true,
timeBoundedDropOutOfOrderTransformV1,Time bounded drop out of order,https://www.palantir.com/docs/foundry/pb-functions-transform/timeBoundedDropOutOfOrderTransformV1/,"[""Streaming""]","[""Other""]","[{""name"":""Dataset"",""type"":""Table"",""description"":""Dataset to drop out of order rows""},{""name"":""Key expiration time unit"",""type"":""Enum<Days, Hours, Milliseconds, Minutes, Seconds, Weeks>"",""description"":""Unit for amount of time to store the greatest record for a given key. If state is stored for a key, and a different key is processed with a watermark greater than this expiration period, then state is expired for the key and any new records of the same key will not be dropped. For any key, a new record pushes the expiry to this amount of time in the future, whether or not it has the highest order precedence""},{""name"":""Key expiration time value"",""type"":""Literal<Long>"",""description"":""Value for amount of time to store the greatest record for a given key. If state is stored for a key, and a different key is processed with a watermark greater than this expiration period, then state is expired for the key and any new records of the same key will not be dropped. For any key, a new record pushes the expiry to this amount of time in the future, whether or not it has the highest order precedence""},{""name"":""Ordering guarantee"",""type"":""List<Tuple<Column<ComparableType>, Enum<Ascending, Descending>>>"",""description"":""Specify a column and direction that will define the order that stream elements must follow in order to not be dropped. Ascending order guarantees that incoming stream elements must be equal or increasing in value compared to all previous rows to avoid being dropped; descending order guarantees the opposite. You can specify multiple columns and directions, but columns and directions beyond the first column are only considered in the event of a tie and are consulted in order. They will not apply otherwise""},{""name"":""Key by columns"",""type"":""Set<Column<Binary | Boolean | Byte | Double | Float | Integer | Long | Short | String | Timestamp>>"",""description"":""Columns used to partition the input by key. Rows sharing the same key column values are processed in the order they are received. The order in which rows with the same key columns are processed may differ from the order defined by the sort spec. A row is considered out of order when it ought to be placed before the state stored highest precedence already processed row with the same key, based on the sort spec. For such out-of-order rows, they are dropped during the process so long as such state for this key exists and has not expired""}]",事实,rendered+heading,https://gitlabee.chehejia.com/huyongqiang/pipeline-transform-research/-/issues/178,true,
timeBoundedEventTimeSortV1,Time bounded event time sort,https://www.palantir.com/docs/foundry/pb-functions-transform/timeBoundedEventTimeSortV1/,"[""Streaming""]","[""Other""]","[{""name"":""Allowed lateness time unit"",""type"":""Enum<Days, Hours, Milliseconds, Minutes, Seconds, Weeks>"",""description"":""Unit for amount of time to wait for late arriving records to be sorted""},{""name"":""Allowed lateness time value"",""type"":""Literal<Long>"",""description"":""Value for amount of time to wait for late arriving records to be sorted""},{""name"":""Dataset"",""type"":""Table"",""description"":""Dataset to sort rows""},{""name"":""Key by columns"",""type"":""Set<Column<AnyType>>"",""description"":""Columns on which to partition the input by key. Each sort will be computed separately for each distinct key value""}]",事实,rendered+heading,https://gitlabee.chehejia.com/huyongqiang/pipeline-transform-research/-/issues/179,true,
topRowV2,Top rows,https://www.palantir.com/docs/foundry/pb-functions-transform/topRowV2/,"[""Batch"",""Faster""]","[""Aggregate""]","[{""name"":""Dataset"",""type"":null,""description"":""ri.foundry.main.dataset.a""},{""name"":""Partition by columns"",""type"":null,""description"":""{airline}""},{""name"":""Sort specification"",""type"":null,""description"":""[(airport, DESCENDING), (miles, ASCENDING)]""},{""name"":""Number of rows"",""type"":null,""description"":null},{""name"":""Input"",""type"":null,""description"":""airlineairportmilesfoundry airwaysJFK1002345foundry airwaysLHR2221324new airSFO21356673new airJFK12323456foundry airwaysLHR12542352new airJFK12232355""}]",事实,rendered,https://gitlabee.chehejia.com/huyongqiang/pipeline-transform-research/-/issues/180,true,
timeBoundedDropDuplicatesV3,Time bounded drop duplicates,https://www.palantir.com/docs/foundry/pb-functions-transform/timeBoundedDropDuplicatesV3/,"[""Streaming""]","[""Other""]","[{""name"":""Dataset"",""type"":null,""description"":""ri.foundry.main.dataset.test""},{""name"":""Key expiration time unit"",""type"":null,""description"":""SECONDS""},{""name"":""Key expiration time value"",""type"":null,""description"":""10""},{""name"":""Column subset"",""type"":null,""description"":null},{""name"":""Eviction window slide"",""type"":null,""description"":null},{""name"":""Key by columns"",""type"":null,""description"":null},{""name"":""Input"",""type"":null,""description"":null},{""name"":""row_orderdaytemperaturemeasurement_timestamp4Monday10.42024-09-30T00"",""type"":null,""description"":""00:283Monday10.32024-09-30T00:00:182Monday10.22024-09-30T00:00:091Monday10.12024-09-30T00:00:00""}]",事实,rendered,https://gitlabee.chehejia.com/huyongqiang/pipeline-transform-research/-/issues/181,true,
ungzipFilesV1,Decompress gzip files,https://www.palantir.com/docs/foundry/pb-functions-transform/ungzipFilesV1/,"[""Batch""]","[""File""]","[{""name"":""Dataset"",""type"":""Files"",""description"":""Dataset of files to process""}]",事实,rendered+heading,https://gitlabee.chehejia.com/huyongqiang/pipeline-transform-research/-/issues/182,true,
unionByNameV1,Union by name,https://www.palantir.com/docs/foundry/pb-functions-transform/unionByNameV1/,"[""Batch"",""Faster"",""Streaming""]","[""Join""]","[{""name"":""Datasets to union"",""type"":null,""description"":""[ri.foundry.main.dataset.a, ri.foundry.main.dataset.b]""},{""name"":""Inputs"",""type"":null,""description"":""ri.foundry.main.dataset.a recently_servicedtail_numberairline_codetrueKK-150KKfalseXB-120XBtrueMT-190MT ri.foundry.main.dataset.b recently_servicedtail_numberairline_codetrueAA-200AAtrueBN-435BNtrueBN-111BN""}]",事实,rendered,https://gitlabee.chehejia.com/huyongqiang/pipeline-transform-research/-/issues/183,true,
unpivotV1,Unpivot,https://www.palantir.com/docs/foundry/pb-functions-transform/unpivotV1/,"[""Batch"",""Faster"",""Streaming""]","[""Aggregate"",""Popular""]","[{""name"":""Columns to unpivot"",""type"":null,""description"":""[new_york_miles, london_miles]""},{""name"":""Dataset"",""type"":null,""description"":""ri.foundry.main.dataset.a""},{""name"":""Name column"",""type"":null,""description"":""city""},{""name"":""Value column"",""type"":null,""description"":""miles""},{""name"":""Input"",""type"":null,""description"":""airlinenew_york_mileslondon_milesfoundry airways10006000new airnull8000""}]",事实,rendered,https://gitlabee.chehejia.com/huyongqiang/pipeline-transform-research/-/issues/184,true,
untarFilesV1,Decompress tar files,https://www.palantir.com/docs/foundry/pb-functions-transform/untarFilesV1/,"[""Batch""]","[""File""]","[{""name"":""Dataset"",""type"":""Files"",""description"":""Dataset of files to process""}]",事实,rendered+heading,https://gitlabee.chehejia.com/huyongqiang/pipeline-transform-research/-/issues/185,true,
unzipFilesV1,Unzip files,https://www.palantir.com/docs/foundry/pb-functions-transform/unzipFilesV1/,"[""Batch""]","[""File""]","[{""name"":""Dataset"",""type"":""Files"",""description"":""Dataset of files to process""}]",事实,rendered+heading,https://gitlabee.chehejia.com/huyongqiang/pipeline-transform-research/-/issues/186,true,
uppercaseColumnNamesV1,Uppercase column names,https://www.palantir.com/docs/foundry/pb-functions-transform/uppercaseColumnNamesV1/,"[""Batch"",""Faster"",""Streaming""]","[""Data preparation""]","[{""name"":""Dataset"",""type"":null,""description"":""ri.foundry.main.dataset.a""},{""name"":""Input"",""type"":null,""description"":""recentlyServicedtailNumberairlineCodetrueKK-150KKfalseXB-120XBtrueMT-190MT""}]",事实,rendered,https://gitlabee.chehejia.com/huyongqiang/pipeline-transform-research/-/issues/187,true,
unionFilesV1,Union files,https://www.palantir.com/docs/foundry/pb-functions-transform/unionFilesV1/,"[""Batch""]","[""File""]","[{""name"":""Dataset"",""type"":""List<Files>"",""description"":""The dataset of files being union together""}]",事实,rendered+heading,https://gitlabee.chehejia.com/huyongqiang/pipeline-transform-research/-/issues/188,true,
windowV1,Window,https://www.palantir.com/docs/foundry/pb-functions-transform/windowV1/,"[""Batch"",""Faster""]","[""Aggregate"",""Popular""]","[{""name"":""Dataset"",""type"":""Table"",""description"":""Dataset to perform aggregate on""},{""name"":""Expressions"",""type"":""List<Expression<AnyType>>"",""description"":""List of expressions to evaluate over window""},{""name"":""Window"",""type"":""Window"",""description"":""Window to operate over""}]",事实,rendered+heading,https://gitlabee.chehejia.com/huyongqiang/pipeline-transform-research/-/issues/189,true,
wideUnionByNameV1,Wide union by name,https://www.palantir.com/docs/foundry/pb-functions-transform/wideUnionByNameV1/,"[""Batch"",""Faster"",""Streaming""]","[""Join""]","[{""name"":""Datasets to union"",""type"":null,""description"":""[ri.foundry.main.dataset.a, ri.foundry.main.dataset.b]""},{""name"":""Inputs"",""type"":null,""description"":""ri.foundry.main.dataset.a recently_servicedtail_numbertrueKK-150falseXB-120trueMT-190 ri.foundry.main.dataset.b recently_servicedtail_numberairline_codetrueAA-200AAtrueBN-435BNtrueBN-111BN""}]",事实,rendered,https://gitlabee.chehejia.com/huyongqiang/pipeline-transform-research/-/issues/190,true,
windowedProjectV1,Project over window,https://www.palantir.com/docs/foundry/pb-functions-transform/windowedProjectV1/,"[""Batch"",""Faster"",""Streaming""]","[""Aggregate""]","[{""name"":""Dataset"",""type"":""Table"",""description"":""Dataset to perform aggregations on""},{""name"":""Expressions"",""type"":""List<Expression<AnyType>>"",""description"":""List of expressions to evaluate over the window""},{""name"":""Window"",""type"":""Window"",""description"":""Window to group data by""}]",事实,rendered+heading,https://gitlabee.chehejia.com/huyongqiang/pipeline-transform-research/-/issues/191,true,
xmlTagExtractV1,Extract rows from an XML file,https://www.palantir.com/docs/foundry/pb-functions-transform/xmlTagExtractV1/,"[""Batch""]","[""File""]","[{""name"":""Dataset"",""type"":""Files"",""description"":""Dataset of files to process""},{""name"":""Schema"",""type"":null,""description"":""Schema definition used when parsing the xml files.Type<Struct>""},{""name"":""XML tag"",""type"":""Literal<String>"",""description"":""XML tag that will be used as basis to generate one row per tag""},{""name"":""Attribute prefix"",""type"":""Literal<String>"",""description"":""Prefix for attributes on tags""},{""name"":""Encoding"",""type"":""Enum<ISO_8859_1, US_ASCII, UTF_16, UTF_16BE, UTF_16LE, UTF_8, Windows-31J>"",""description"":""The encoding type (character set) of the input file""},{""name"":""Value tag"",""type"":""Literal<String>"",""description"":""The tag used for the value when there are attributes in the element having no child""}]",事实,rendered+heading,https://gitlabee.chehejia.com/huyongqiang/pipeline-transform-research/-/issues/192,true,
